{"cameraMode":{"drawMode":0,"name":"Shaded","section":"Shading Mode"},"sceneLighting":true,"audioPlay":false,"sceneViewState":{"showFog":true,"showMaterialUpdate":false,"showSkybox":true,"showFlares":true,"showImageEffects":true,"showParticleSystems":true},"in2DMode":false,"pivot":{"x":651.4910888671875,"y":677.55908203125,"z":3.5220947265625},"rotation":{"x":-0.012304003350436688,"y":-0.029395611956715585,"z":0.0003619204799178988,"w":-0.9994921088218689},"size":2641.026611328125,"orthographic":false}